id,family
1,AP
2,D1D2
3,BPM
4,KD1
5,Q1D
6,D2B
7,DSEXT
8,S1D
8,SQUAD
8,HSTR
8,VSTR
9,DSEXT
10,D3B
11,Q2D
12,D4B
13,Q3D
14,D5B
15,DSEXT
16,S2D
16,HSTR
16,VSTR
17,DSEXT
18,D6Ba
19,BPM
20,D6Bb
21,BB
22,D4A
23,Q2AD
24,D3Aa
25,BPM
26,D3Ab
27,DSEXT
28,S2A
28,SQUAD
28,HSTR
28,VSTR
29,DSEXT
30,D2A
31,Q1AD
32,D1Aa
33,BPM
34,D1Ab
35,DSEXT
36,S1A
36,HSTR
36,VSTR
37,DSEXT
38,D1A
39,Q1AB
40,D2A
41,DSEXT
42,S2A
42,SQUAD
42,HSTR
42,VSTR
43,DSEXT
44,D3A
45,Q2AB
46,D4Aa
47,BPM
48,D4Ab
49,BB
50,D6B
51,DSEXT
52,S2C
52,HSTR
52,VSTR
53,DSEXT
54,D5B
55,Q3B
56,D4Ba
57,BPM
58,D4Bb
59,Q2B
60,D3B
61,DSEXT
62,S1C
62,SQUAD
62,HSTR
62,VSTR
63,DSEXT
64,D2B
65,Q1B
66,KD1
67,BPM
68,DBPM
69,DRIFT
70,DRIFT
71,HCHICA
72,DRIFT
73,DRIFT
74,DRIFT
75,HTRIM
76,VTRIM
77,DRIFT
78,U23a
79,source
80,U23a
81,DRIFT
82,HTRIM
83,VTRIM
84,DRIFT
85,DRIFT
86,DRIFT
87,HCHICA
88,DRIFT
89,DRIFT
90,DRIFT
91,HCHICA
92,DRIFT
93,DRIFT
94,DBPM
95,BPM
96,DK4BAS20
97,D2XL
98,D104BA0
99,Q1BE
100,D2B4BA
101,S1BE
101,SQUAD
101,HSTR
101,VSTR
102,D3B4BA
103,Q2BE
104,D4B4BA0
105,D1X
106,D104BA1
107,S2BE
108,D104BA1
109,D1Y
110,D6B4BA0
111,BBVMXS
112,D104BAA
113,D104BAB
114,D104BAC
115,D104BAD
116,BUMP
117,D154BAL
118,BPM
119,DLB4BAL
120,S3E
121,D1S4BA
122,Q3E
123,DHS4BAL1
124,BUMP
125,DHS4BAL2
126,S4E
126,SQUAD
126,HSTR
126,VSTR
127,DHS4BA
128,Q3E
129,D1S4BA
130,S3E
130,SQUAD
130,HSTR
130,VSTR
131,D054BAL
132,BUMP
133,DLBM4BAL1
134,BPM
135,DLBM4BAL2
136,BBVMXL
137,DRBM4BAL1
138,DRBM4BAL2
138,HSTR
138,VSTR
139,DRBM4BA2
140,Q4E
141,SPACER
142,BUMPSS
143,D1M4BAL1
144,D1M4BAL2
145,BPM
146,D104BAML
147,DMID4BAL1
148,DMID4BAL2
149,source
150,DMID4BAR1
151,DMID4BAR2
152,D104BAMR
153,BPM
154,D1M4BA
155,Q4E
156,DRBM4BA2
156,HSTR
156,VSTR
157,DRBM4BAR2
158,BUMP
159,DRBM4BAR1
160,BBVMXL
161,DLBM4BA0
162,D2YA
163,D2YB
164,D2YC
165,DLBM4BA1
166,D054BA
167,S3E
168,D1S4BA
169,Q3E
170,DHS4BAR1
171,BUMP
172,DHS4BAR2
173,BPM
174,DHS4BAR3
175,S4E
175,SQUAD
175,HSTR
175,VSTR
176,DHS4BA
177,Q3E
178,D1S4BA
179,S3E
179,SQUAD
179,HSTR
179,VSTR
180,DLB4BAR
181,BUMP
182,D154BAR
183,BPM
184,D104BAR
185,BBVMXS
186,D6B4BA0
187,D1YB
188,D1YAD1YA
189,D104BA1
190,S2BE
191,D104BA1
192,D1X
193,D4B4BA0
194,Q2BE
195,PAD
196,BUMP
197,D3B4BAR
198,S1BE
198,SQUAD
198,HSTR
198,VSTR
199,D2B4BA
200,Q1BE
201,D104BA0R
202,BUMP
203,D2XR
204,DK4BAS21
205,DK4BAS22
206,DK4BAS23
207,TEMPDRIFT
208,BPM
209,DBPM
210,DRIFT
211,DRIFT
212,HCHICA
213,DRIFT
214,DRIFT
215,DRIFT
216,HTRIM
217,VTRIM
218,DRIFT
219,U21
220,source
221,U21
222,DRIFT
223,HTRIM
224,VTRIM
225,DRIFT
226,DRIFT
227,DRIFT
228,HCHICA
229,DRIFT
230,DRIFT
231,DRIFT
232,HCHICA
233,DRIFT
234,DRIFT
235,DBPM
236,BPM
237,KD1
238,Q1B
239,D2B
240,DSEXT
241,S1B
241,SQUAD
241,HSTR
241,VSTR
242,DSEXT
243,D3B
244,Q2B
245,D4B
246,Q3B
247,D5B
248,DSEXT
249,S2B
249,HSTR
249,VSTR
250,DSEXT
251,D6Ba
252,BPM
253,D6Bb
254,BB
255,D4A
256,Q2AB
257,D3Aa
258,BPM
259,D3Ab
260,DSEXT
261,S2A
261,SQUAD
261,HSTR
261,VSTR
262,DSEXT
263,D2A
264,Q1AB
265,D1Aa
266,BPM
267,D1Ab
268,DSEXT
269,S1A
269,HSTR
269,VSTR
270,DSEXT
271,D1A
272,Q1AB
273,D2A
274,DSEXT
275,S2A
275,SQUAD
275,HSTR
275,VSTR
276,DSEXT
277,D3A
278,Q2AB
279,D4Aa
280,BPM
281,D4Ab
282,BB
283,D6B
284,DSEXT
285,S2B
285,HSTR
285,VSTR
286,DSEXT
287,D5B
288,Q3B
289,D4Ba
290,BPM
291,D4Bb
292,Q2B
293,D3B
294,DSEXT
295,S1B
295,SQUAD
295,HSTR
295,VSTR
296,DSEXT
297,D2B
298,Q1B
299,KD1
300,BPM
301,DBPM
302,DRIFT
303,DRIFT
304,HCHICA
305,DRIFT
306,DRIFT
307,DRIFT
308,HTRIM
309,VTRIM
310,DRIFT
311,U23b
312,source
313,U23b
314,DRIFT
315,HTRIM
316,VTRIM
317,DRIFT
318,DRIFT
319,DRIFT
320,HCHICA
321,DRIFT
322,DRIFT
323,HTRIM
324,VTRIM
325,DRIFT
326,DRIFT
327,source
328,DRIFT
329,DRIFT
330,HTRIM
331,VTRIM
332,DRIFT
333,DRIFT
334,HCHICA
335,DRIFT
336,DRIFT
337,DBPM
338,BPM
339,KD1
340,Q1B
341,D2B
342,DSEXT
343,S1C
343,SQUAD
343,HSTR
343,VSTR
344,DSEXT
345,D3B
346,Q2B
347,D4B
348,Q3B
349,D5B
350,DSEXT
351,S2C
351,HSTR
351,VSTR
352,DSEXT
353,D6Ba
354,BPM
355,D6Bb
356,BB
357,D4A
358,Q2AB
359,D3Aa
360,BPM
361,D3Ab
362,DSEXT
363,S2A
363,SQUAD
363,HSTR
363,VSTR
364,DSEXT
365,D2A
366,Q1AB
367,D1Aa
368,BPM
369,D1Ab
370,DSEXT
371,S1A
371,HSTR
371,VSTR
372,DSEXT
373,D1A
374,Q1AD
375,D2A
376,DSEXT
377,S2A
377,SQUAD
377,HSTR
377,VSTR
378,DSEXT
379,D3A
380,Q2AD
381,D4Aa
382,BPM
383,D4Ab
384,BB
385,D6B
386,DSEXT
387,S2D
387,HSTR
387,VSTR
388,DSEXT
389,D5B
390,Q3D
391,D4Ba
392,BPM
393,D4Bb
394,Q2D
395,D3B
396,DSEXT
397,S1D
397,SQUAD
397,HSTR
397,VSTR
398,DSEXT
399,D2B
400,Q1D
401,KD1
402,BPM
403,DBPM
404,DI05
405,DRIFT
406,HTRIM
407,VTRIM
408,DRIFT
409,shim
410,source
411,shim
412,DRIFT
413,HTRIM
414,VTRIM
415,DRIFT
416,AP
417,DI05
418,DBPM
419,BPM
420,KD1
421,Q1D
422,D2B
423,DSEXT
424,S1D
424,SQUAD
424,HSTR
424,VSTR
425,DSEXT
426,D3B
427,Q2D
428,D4B
429,Q3D
430,D5B
431,DSEXT
432,S2D
432,HSTR
432,VSTR
433,DSEXT
434,D6Ba
435,BPM
436,D6Bb
437,BB
438,D4A
439,Q2AD
440,D3Aa
441,BPM
442,D3Ab
443,DSEXT
444,S2A
444,SQUAD
444,HSTR
444,VSTR
445,DSEXT
446,D2A
447,Q1AD
448,D1Aa
449,BPM
450,D1Ab
451,DSEXT
452,S1A
452,HSTR
452,VSTR
453,DSEXT
454,D1A
455,Q1AB
456,D2A
457,DSEXT
458,S2A
458,SQUAD
458,HSTR
458,VSTR
459,DSEXT
460,D3A
461,Q2AB
462,D4Aa
463,BPM
464,D4Ab
465,BB
466,D6B
467,DSEXT
468,S2C
468,HSTR
468,VSTR
469,DSEXT
470,D5B
471,Q3B
472,D4Ba
473,BPM
474,D4Bb
475,Q2B
476,D3B
477,DSEXT
478,S1C
478,SQUAD
478,HSTR
478,VSTR
479,DSEXT
480,D2B
481,Q1B
482,KD1
483,BPM
484,DBPM
485,DRIFT
486,DRIFT
487,HTRIM
488,VTRIM
489,DRIFT
490,HU64
491,source
492,HU64
493,DRIFT
494,HTRIM
495,VTRIM
496,DRIFT
497,DRIFT
498,HTRIM
499,VTRIM
500,DRIFT
501,HU64
502,source
503,HU64
504,DRIFT
505,HTRIM
506,VTRIM
507,DRIFT
508,DRIFT
509,DBPM
510,BPM
511,KD1
512,Q1B
513,D2B
514,DSEXT
515,S1B
515,SQUAD
515,HSTR
515,VSTR
516,DSEXT
517,D3B
518,Q2B
519,D4B
520,Q3B
521,D5B
522,DSEXT
523,S2B
523,HSTR
523,VSTR
524,DSEXT
525,D6Ba
526,BPM
527,D6Bb
528,BB
529,D4A
530,Q2AB
531,D3Aa
532,BPM
533,D3Ab
534,DSEXT
535,S2A
535,SQUAD
535,HSTR
535,VSTR
536,DSEXT
537,D2A
538,Q1AB
539,D1Aa
540,BPM
541,D1Ab
542,DSEXT
543,S1A
543,HSTR
543,VSTR
544,DSEXT
545,D1A
546,Q1AB
547,D2A
548,DSEXT
549,S2A
549,SQUAD
549,HSTR
549,VSTR
550,DSEXT
551,D3A
552,Q2AB
553,D4Aa
554,BPM
555,D4Ab
556,BB
557,D6B
558,DSEXT
559,S2B
559,HSTR
559,VSTR
560,DSEXT
561,D5B
562,Q3B
563,D4Ba
564,BPM
565,D4Bb
566,Q2B
567,D3B
568,DSEXT
569,S1B
569,SQUAD
569,HSTR
569,VSTR
570,DSEXT
571,D2B
572,Q1B
573,KD1
574,BPM
575,DBPM
576,DRIFT
577,DRIFT
578,HCHICA
579,DRIFT
580,DRIFT
581,DRIFT
582,HTRIM
583,VTRIM
584,DRIFT
585,U23b
586,source
587,U23b
588,DRIFT
589,HTRIM
590,VTRIM
591,DRIFT
592,DRIFT
593,DRIFT
594,HCHICA
595,DRIFT
596,DRIFT
597,DRIFT
598,HCHICA
599,DRIFT
600,DRIFT
601,DBPM
602,BPM
603,KD1
604,Q1B
605,D2B
606,DSEXT
607,S1B
607,SQUAD
607,HSTR
607,VSTR
608,DSEXT
609,D3B
610,Q2B
611,D4B
612,Q3B
613,D5B
614,DSEXT
615,S2B
615,HSTR
615,VSTR
616,DSEXT
617,D6Ba
618,BPM
619,D6Bb
620,BB
621,D4A
622,Q2AB
623,D3Aa
624,BPM
625,D3Ab
626,DSEXT
627,S2A
627,SQUAD
627,HSTR
627,VSTR
628,DSEXT
629,D2A
630,Q1AB
631,D1Aa
632,BPM
633,D1Ab
634,DSEXT
635,S1A
635,HSTR
635,VSTR
636,DSEXT
637,D1A
638,Q1AB
639,D2A
640,DSEXT
641,S2A
641,SQUAD
641,HSTR
641,VSTR
642,DSEXT
643,D3A
644,Q2AB
645,D4Aa
646,BPM
647,D4Ab
648,source
649,BB
650,D6B
651,DSEXT
652,S2B
652,HSTR
652,VSTR
653,DSEXT
654,D5B
655,Q3B
656,D4Ba
657,BPM
658,D4Bb
659,Q2B
660,D3B
661,DSEXT
662,S1B
662,SQUAD
662,HSTR
662,VSTR
663,DSEXT
664,D2B
665,Q1B
666,KD1
667,BPM
668,DBPM
669,DRIFT
670,HTRIM
671,VTRIM
672,DRIFT
673,DRIFT
674,source
675,DRIFT
676,DRIFT
677,HTRIM
678,VTRIM
679,DRIFT
680,DBPM
681,BPM
682,KD1
683,Q1B
684,D2B
685,DSEXT
686,S1C
686,SQUAD
686,HSTR
686,VSTR
687,DSEXT
688,D3B
689,Q2B
690,D4B
691,Q3B
692,D5B
693,DSEXT
694,S2C
694,HSTR
694,VSTR
695,DSEXT
696,D6Ba
697,BPM
698,D6Bb
699,BB
700,D4A
701,Q2AB
702,D3Aa
703,BPM
704,D3Ab
705,DSEXT
706,S2A
706,SQUAD
706,HSTR
706,VSTR
707,DSEXT
708,D2A
709,Q1AB
710,D1Aa
711,BPM
712,D1Ab
713,DSEXT
714,S1A
714,HSTR
714,VSTR
715,DSEXT
716,D1A
717,Q1AD
718,D2A
719,DSEXT
720,S2A
720,SQUAD
720,HSTR
720,VSTR
721,DSEXT
722,D3A
723,Q2AD
724,D4Aa
725,BPM
726,D4Ab
727,BB
728,D6B
729,DSEXT
730,S2D
730,HSTR
730,VSTR
731,DSEXT
732,D5B
733,Q3D
734,D4Ba
735,BPM
736,D4Bb
737,Q2D
738,D3B
739,DSEXT
740,S1D
740,SQUAD
740,HSTR
740,VSTR
741,DSEXT
742,D2B
743,Q1D
744,D09_1
745,QM09
746,D09_2
747,DRIFT
748,HCHICA
749,DRIFT
750,D09_3
751,BPM
752,DRIFT
753,HTRIM
754,VTRIM
755,DRIFT
756,DRIFT
757,source
758,DRIFT
759,DRIFT
760,HTRIM
761,VTRIM
762,DRIFT
763,BPM
764,D09_5
764,HSTR
764,VSTR
765,D09_6
766,DRIFT
767,HCHICA
768,DRIFT
769,D09_7
770,QM09
771,D09_8
772,QM09
773,D09_9
774,BPM
775,D09_10
775,HSTR
775,VSTR
776,DRIFT
777,HTRIM
778,VTRIM
779,DRIFT
780,DRIFT
781,source
782,DRIFT
783,DRIFT
784,HTRIM
785,VTRIM
786,DRIFT
787,BPM
788,D09_12
789,DRIFT
790,HCHICA
791,DRIFT
792,D09_13
793,QM09
794,D09_14
795,Q1D
796,D2B
797,DSEXT
798,S1D
798,SQUAD
798,HSTR
798,VSTR
799,DSEXT
800,D3B
801,Q2D
802,D4B
803,Q3D
804,D5B
805,DSEXT
806,S2D
806,HSTR
806,VSTR
807,DSEXT
808,D6Ba
809,BPM
810,D6Bb
811,BB
812,D4A
813,Q2AD
814,D3Aa
815,BPM
816,D3Ab
817,DSEXT
818,S2A
818,SQUAD
818,HSTR
818,VSTR
819,DSEXT
820,D2A
821,Q1AD
822,D1Aa
823,BPM
824,D1Ab
825,DSEXT
826,S1A
826,HSTR
826,VSTR
827,DSEXT
828,D1A
829,Q1AB
830,D2A
831,DSEXT
832,S2A
832,SQUAD
832,HSTR
832,VSTR
833,DSEXT
834,D3A
835,Q2AB
836,D4Aa
837,BPM
838,D4Ab
839,BB
840,D6B
841,DSEXT
842,S2C
842,HSTR
842,VSTR
843,DSEXT
844,D5B
845,Q3B
846,D4Ba
847,BPM
848,D4Bb
849,Q2B
850,D3B
851,DSEXT
852,S1C
852,SQUAD
852,HSTR
852,VSTR
853,DSEXT
854,D2B
855,Q1B
856,D10_1
857,BPM
858,D10_2
859,DRIFT
860,HCHICA
861,DRIFT
862,D10_3
863,DRIFT
864,HCHICA
865,DRIFT
866,D10_4
867,DRIFT
868,HTRIM
869,VTRIM
870,DRIFT
871,D10_5
872,source
873,D10_5
874,DRIFT
875,HTRIM
876,VTRIM
877,DRIFT
878,D10_6
879,BPM10
880,D10_7
881,DRIFT
882,HCHICA
883,DRIFT
884,D10_7
885,BPM10
886,D10_6
887,DRIFT
888,HTRIM
889,VTRIM
890,DRIFT
891,D10_5
892,source
893,D10_5
894,DRIFT
895,HTRIM
896,VTRIM
897,DRIFT
898,D10_4
899,DRIFT
900,HCHICA
901,DRIFT
902,D10_3
903,DRIFT
904,HCHICA
905,DRIFT
906,D10_8
907,BPM
908,D10_9
909,Q1B
910,D2B
911,DSEXT
912,S1B
912,SQUAD
912,HSTR
912,VSTR
913,DSEXT
914,D3B
915,Q2B
916,D4B
917,Q3B
918,D5B
919,DSEXT
920,S2B
920,HSTR
920,VSTR
921,DSEXT
922,D6Ba
923,BPM
924,D6Bb
925,BB
926,D4A
927,Q2AB
928,D3Aa
929,BPM
930,D3Ab
931,DSEXT
932,S2A
932,SQUAD
932,HSTR
932,VSTR
933,DSEXT
934,D2A
935,Q1AB
936,D1Aa
937,BPM
938,D1Ab
939,DSEXT
940,S1A
940,HSTR
940,VSTR
941,DSEXT
942,D1A
943,Q1AB
944,D2A
945,DSEXT
946,S2A
946,SQUAD
946,HSTR
946,VSTR
947,DSEXT
948,D3A
949,Q2AB
950,D4Aa
951,BPM
952,D4Ab
953,BB
954,D6B
955,DSEXT
956,S2B
956,HSTR
956,VSTR
957,DSEXT
958,D5B
959,Q3B
960,D4Ba
961,BPM
962,D4Bb
963,Q2B
964,D3B
965,DSEXT
966,S1B
966,SQUAD
966,HSTR
966,VSTR
967,DSEXT
968,D2B
969,Q1B
970,KD1
971,BPM
972,DBPM
973,DRIFT
974,HTRIM
975,VTRIM
976,DRIFT
977,DRIFT
978,source
979,DRIFT
980,DRIFT
981,HTRIM
982,VTRIM
983,DRIFT
984,DBPM
985,BPM
986,KD1
987,Q1B
988,D2B
989,DSEXT
990,S1B
990,SQUAD
990,HSTR
990,VSTR
991,DSEXT
992,D3B
993,Q2B
994,D4B
995,Q3B
996,D5B
997,DSEXT
998,S2B
998,HSTR
998,VSTR
999,DSEXT
1000,D6Ba
1001,BPM
1002,D6Bb
1003,BB
1004,D4A
1005,Q2AB
1006,D3Aa
1007,BPM
1008,D3Ab
1009,DSEXT
1010,S2A
1010,SQUAD
1010,HSTR
1010,VSTR
1011,DSEXT
1012,D2A
1013,Q1AB
1014,D1Aa
1015,BPM
1016,D1Ab
1017,DSEXT
1018,S1A
1018,HSTR
1018,VSTR
1019,DSEXT
1020,D1A
1021,Q1AB
1022,D2A
1023,DSEXT
1024,S2A
1024,SQUAD
1024,HSTR
1024,VSTR
1025,DSEXT
1026,D3A
1027,Q2AB
1028,D4Aa
1029,BPM
1030,D4Ab
1031,BB
1032,D6B
1033,DSEXT
1034,S2B
1034,HSTR
1034,VSTR
1035,DSEXT
1036,D5B
1037,Q3B
1038,D4Ba
1039,BPM
1040,D4Bb
1041,Q2B
1042,D3B
1043,DSEXT
1044,S1B
1044,SQUAD
1044,HSTR
1044,VSTR
1045,DSEXT
1046,D2B
1047,Q1B
1048,KD1
1049,BPM
1050,DBPM
1051,DRIFT
1052,DRIFT
1053,HTRIM
1054,VTRIM
1055,DRIFT
1056,MPW12
1057,DRIFT
1058,HTRIM
1059,VTRIM
1060,DRIFT
1061,DRIFT
1062,DBPM
1063,BPM
1064,KD1
1065,Q1B
1066,D2B
1067,DSEXT
1068,S1C
1068,SQUAD
1068,HSTR
1068,VSTR
1069,DSEXT
1070,D3B
1071,Q2B
1072,D4B
1073,Q3B
1074,D5B
1075,DSEXT
1076,S2C
1076,HSTR
1076,VSTR
1077,DSEXT
1078,D6Ba
1079,BPM
1080,D6Bb
1081,BB
1082,D4A
1083,Q2AB
1084,D3Aa
1085,BPM
1086,D3Ab
1087,DSEXT
1088,S2A
1088,SQUAD
1088,HSTR
1088,VSTR
1089,DSEXT
1090,D2A
1091,Q1AB
1092,D1Aa
1093,BPM
1094,D1Ab
1095,DSEXT
1096,S1A
1096,HSTR
1096,VSTR
1097,DSEXT
1098,D1A
1099,Q1AD
1100,D2A
1101,DSEXT
1102,S2A
1102,SQUAD
1102,HSTR
1102,VSTR
1103,DSEXT
1104,D3A
1105,Q2AD
1106,D4Aa
1107,BPM
1108,D4Ab
1109,BB
1110,D6B
1111,DSEXT
1112,S2D
1112,HSTR
1112,VSTR
1113,DSEXT
1114,D5B
1115,Q3D
1116,D4Ba
1117,BPM
1118,D4Bb
1119,Q2D
1120,D3B
1121,DSEXT
1122,S1D
1122,SQUAD
1122,HSTR
1122,VSTR
1123,DSEXT
1124,D2B
1125,Q1D
1126,D13_1
1127,QM13
1128,D13_2
1129,DRIFT
1130,HCHICA
1131,DRIFT
1132,D13_3
1133,BPM
1134,DRIFT
1135,HTRIM
1136,VTRIM
1137,DRIFT
1138,DRIFT
1139,source
1140,DRIFT
1141,DRIFT
1142,HTRIM
1143,VTRIM
1144,DRIFT
1145,BPM
1146,D13_5
1146,HSTR
1146,VSTR
1147,D13_6
1148,DRIFT
1149,HCHICA
1150,DRIFT
1151,D13_7
1152,QM13
1153,D13_8
1154,QM13
1155,D13_9
1156,BPM
1157,D13_10
1157,HSTR
1157,VSTR
1158,DRIFT
1159,HTRIM
1160,VTRIM
1161,DRIFT
1162,DRIFT
1163,source
1164,DRIFT
1165,DRIFT
1166,HTRIM
1167,VTRIM
1168,DRIFT
1169,BPM
1170,D13_12
1171,DRIFT
1172,HCHICA
1173,DRIFT
1174,D13_13
1175,QM13
1176,D13_14
1177,Q1D
1178,D2B
1179,DSEXT
1180,S1D
1180,SQUAD
1180,HSTR
1180,VSTR
1181,DSEXT
1182,D3B
1183,Q2D
1184,D4B
1185,Q3D
1186,D5B
1187,DSEXT
1188,S2D
1188,HSTR
1188,VSTR
1189,DSEXT
1190,D6Ba
1191,BPM
1192,D6Bb
1193,BB
1194,D4A
1195,Q2AD
1196,D3Aa
1197,BPM
1198,D3Ab
1199,DSEXT
1200,S2A
1200,SQUAD
1200,HSTR
1200,VSTR
1201,DSEXT
1202,D2A
1203,Q1AD
1204,D1Aa
1205,BPM
1206,D1Ab
1207,DSEXT
1208,S1A
1208,HSTR
1208,VSTR
1209,DSEXT
1210,D1A
1211,Q1AB
1212,D2A
1213,DSEXT
1214,S2A
1214,SQUAD
1214,HSTR
1214,VSTR
1215,DSEXT
1216,D3A
1217,Q2AB
1218,D4Aa
1219,BPM
1220,D4Ab
1221,BB
1222,D6B
1223,DSEXT
1224,S2C
1224,HSTR
1224,VSTR
1225,DSEXT
1226,D5B
1227,Q3B
1228,D4Ba
1229,BPM
1230,D4Bb
1231,Q2B
1232,D3B
1233,DSEXT
1234,S1C
1234,SQUAD
1234,HSTR
1234,VSTR
1235,DSEXT
1236,D2B
1237,Q1B
1238,KD1
1239,BPM
1240,DBPM
1241,DRIFT
1242,HTRIM
1243,VTRIM
1244,DRIFT
1245,DRIFT
1246,source
1247,DRIFT
1248,DRIFT
1249,HTRIM
1250,VTRIM
1251,DRIFT
1252,DBPM
1253,BPM
1254,KD1
1255,Q1B
1256,D2B
1257,DSEXT
1258,S1B
1258,SQUAD
1258,HSTR
1258,VSTR
1259,DSEXT
1260,D3B
1261,Q2B
1262,D4B
1263,Q3B
1264,D5B
1265,DSEXT
1266,S2B
1266,HSTR
1266,VSTR
1267,DSEXT
1268,D6Ba
1269,BPM
1270,D6Bb
1271,BB
1272,D4A
1273,Q2AB
1274,D3Aa
1275,BPM
1276,D3Ab
1277,DSEXT
1278,S2A
1278,SQUAD
1278,HSTR
1278,VSTR
1279,DSEXT
1280,D2A
1281,Q1AB
1282,D1Aa
1283,BPM
1284,D1Ab
1285,DSEXT
1286,S1A
1286,HSTR
1286,VSTR
1287,DSEXT
1288,D1A
1289,Q1AB
1290,D2A
1291,DSEXT
1292,S2A
1292,SQUAD
1292,HSTR
1292,VSTR
1293,DSEXT
1294,D3A
1295,Q2AB
1296,D4Aa
1297,BPM
1298,D4Ab
1299,BB
1300,D6B
1301,DSEXT
1302,S2B
1302,HSTR
1302,VSTR
1303,DSEXT
1304,D5B
1305,Q3B
1306,D4Ba
1307,BPM
1308,D4Bb
1309,Q2B
1310,D3B
1311,DSEXT
1312,S1B
1312,SQUAD
1312,HSTR
1312,VSTR
1313,DSEXT
1314,D2B
1315,Q1B
1316,KD1
1317,BPM
1318,DBPM
1319,DRIFT
1320,DRIFT
1321,HTRIM
1322,VTRIM
1323,DRIFT
1324,MPW15
1325,DRIFT
1326,HTRIM
1327,VTRIM
1328,DRIFT
1329,DRIFT
1330,DBPM
1331,BPM
1332,KD1
1333,Q1B
1334,D2B
1335,DSEXT
1336,S1B
1336,SQUAD
1336,HSTR
1336,VSTR
1337,DSEXT
1338,D3B
1339,Q2B
1340,D4B
1341,Q3B
1342,D5B
1343,DSEXT
1344,S2B
1344,HSTR
1344,VSTR
1345,DSEXT
1346,D6Ba
1347,BPM
1348,D6Bb
1349,BB
1350,D4A
1351,Q2AB
1352,D3Aa
1353,BPM
1354,D3Ab
1355,DSEXT
1356,S2A
1356,SQUAD
1356,HSTR
1356,VSTR
1357,DSEXT
1358,D2A
1359,Q1AB
1360,D1Aa
1361,BPM
1362,D1Ab
1363,DSEXT
1364,S1A
1364,HSTR
1364,VSTR
1365,DSEXT
1366,D1A
1367,Q1AB
1368,D2A
1369,DSEXT
1370,S2A
1370,SQUAD
1370,HSTR
1370,VSTR
1371,DSEXT
1372,D3A
1373,Q2AB
1374,D4Aa
1375,BPM
1376,D4Ab
1377,BB
1378,D6B
1379,DSEXT
1380,S2B
1380,HSTR
1380,VSTR
1381,DSEXT
1382,D5B
1383,Q3B
1384,D4Ba
1385,BPM
1386,D4Bb
1387,Q2B
1388,D3B
1389,DSEXT
1390,S1B
1390,SQUAD
1390,HSTR
1390,VSTR
1391,DSEXT
1392,D2B
1393,Q1B
1394,KD1
1395,BPM
1396,DBPM
1397,DRIFT
1398,DRIFT
1399,HTRIM
1400,VTRIM
1401,DRIFT
1402,U27
1403,source
1404,U27
1405,DRIFT
1406,HTRIM
1407,VTRIM
1408,DRIFT
1409,DRIFT
1410,DBPM
1411,BPM
1412,KD1
1413,Q1B
1414,D2B
1415,DSEXT
1416,S1C
1416,SQUAD
1416,HSTR
1416,VSTR
1417,DSEXT
1418,D3B
1419,Q2B
1420,D4B
1421,Q3B
1422,D5B
1423,DSEXT
1424,S2C
1424,HSTR
1424,VSTR
1425,DSEXT
1426,D6Ba
1427,BPM
1428,D6Bb
1429,BB
1430,D4A
1431,Q2AB
1432,D3Aa
1433,BPM
1434,D3Ab
1435,DSEXT
1436,S2A
1436,SQUAD
1436,HSTR
1436,VSTR
1437,DSEXT
1438,D2A
1439,Q1AB
1440,D1Aa
1441,BPM
1442,D1Ab
1443,DSEXT
1444,S1A
1444,HSTR
1444,VSTR
1445,DSEXT
1446,D1A
1447,Q1AD
1448,D2A
1449,DSEXT
1450,S2A
1450,SQUAD
1450,HSTR
1450,VSTR
1451,DSEXT
1452,D3A
1453,Q2AD
1454,D4Aa
1455,BPM
1456,D4Ab
1457,source
1458,BB
1459,D6B
1460,DSEXT
1461,S2D
1461,HSTR
1461,VSTR
1462,DSEXT
1463,D5B
1464,Q3D
1465,D4Ba
1466,BPM
1467,D4Bb
1468,Q2D
1469,D3B
1470,DSEXT
1471,S1D
1471,SQUAD
1471,HSTR
1471,VSTR
1472,DSEXT
1473,D2B
1474,Q1D
1475,KD1
1476,BPM
1477,D1D2
1478,RF
1479,AP
1480,D1D2
1481,BPM
1482,KD1
1483,Q1D
1484,D2B
1485,DSEXT
1486,S1D
1486,SQUAD
1486,HSTR
1486,VSTR
1487,DSEXT
1488,D3B
1489,Q2D
1490,D4B
1491,Q3D
1492,D5B
1493,DSEXT
1494,S2D
1494,HSTR
1494,VSTR
1495,DSEXT
1496,D6Ba
1497,BPM
1498,D6Bb
1499,BB
1500,D4A
1501,Q2AD
1502,D3Aa
1503,BPM
1504,D3Ab
1505,DSEXT
1506,S2A
1506,SQUAD
1506,HSTR
1506,VSTR
1507,DSEXT
1508,D2A
1509,Q1AD
1510,D1Aa
1511,BPM
1512,D1Ab
1513,DSEXT
1514,S1A
1514,HSTR
1514,VSTR
1515,DSEXT
1516,D1A
1517,Q1AB
1518,D2A
1519,DSEXT
1520,S2A
1520,SQUAD
1520,HSTR
1520,VSTR
1521,DSEXT
1522,D3A
1523,Q2AB
1524,D4Aa
1525,BPM
1526,D4Ab
1527,BB
1528,D6B
1529,DSEXT
1530,S2C
1530,HSTR
1530,VSTR
1531,DSEXT
1532,D5B
1533,Q3B
1534,D4Ba
1535,BPM
1536,D4Bb
1537,Q2B
1538,D3B
1539,DSEXT
1540,S1C
1540,SQUAD
1540,HSTR
1540,VSTR
1541,DSEXT
1542,D2B
1543,Q1B
1544,KD1
1545,BPM
1546,DBPM
1547,DRIFT
1548,DRIFT
1549,HTRIM
1550,VTRIM
1551,DRIFT
1552,U27
1553,source
1554,U27
1555,DRIFT
1556,HTRIM
1557,VTRIM
1558,DRIFT
1559,DRIFT
1560,DBPM
1561,BPM
1562,KD1
1563,Q1B
1564,D2B
1565,DSEXT
1566,S1B
1566,SQUAD
1566,HSTR
1566,VSTR
1567,DSEXT
1568,D3B
1569,Q2B
1570,D4B
1571,Q3B
1572,D5B
1573,DSEXT
1574,S2B
1574,HSTR
1574,VSTR
1575,DSEXT
1576,D6Ba
1577,BPM
1578,D6Bb
1579,BB
1580,D4A
1581,Q2AB
1582,D3Aa
1583,BPM
1584,D3Ab
1585,DSEXT
1586,S2A
1586,SQUAD
1586,HSTR
1586,VSTR
1587,DSEXT
1588,D2A
1589,Q1AB
1590,D1Aa
1591,BPM
1592,D1Ab
1593,DSEXT
1594,S1A
1594,HSTR
1594,VSTR
1595,DSEXT
1596,D1A
1597,Q1AB
1598,D2A
1599,DSEXT
1600,S2A
1600,SQUAD
1600,HSTR
1600,VSTR
1601,DSEXT
1602,D3A
1603,Q2AB
1604,D4Aa
1605,BPM
1606,D4Ab
1607,source
1608,BB
1609,D6B
1610,DSEXT
1611,S2B
1611,HSTR
1611,VSTR
1612,DSEXT
1613,D5B
1614,Q3B
1615,D4Ba
1616,BPM
1617,D4Bb
1618,Q2B
1619,D3B
1620,DSEXT
1621,S1B
1621,SQUAD
1621,HSTR
1621,VSTR
1622,DSEXT
1623,D2B
1624,Q1B
1625,KD1
1626,BPM
1627,DBPM
1628,DRIFT
1629,HTRIM
1630,VTRIM
1631,DRIFT
1632,DRIFT
1633,source
1634,DRIFT
1635,DRIFT
1636,HTRIM
1637,VTRIM
1638,DRIFT
1639,DBPM
1640,BPM
1641,KD1
1642,Q1B
1643,D2B
1644,DSEXT
1645,S1B
1645,SQUAD
1645,HSTR
1645,VSTR
1646,DSEXT
1647,D3B
1648,Q2B
1649,D4B
1650,Q3B
1651,D5B
1652,DSEXT
1653,S2B
1653,HSTR
1653,VSTR
1654,DSEXT
1655,D6Ba
1656,BPM
1657,D6Bb
1658,BB
1659,D4A
1660,Q2AB
1661,D3Aa
1662,BPM
1663,D3Ab
1664,DSEXT
1665,S2A
1665,SQUAD
1665,HSTR
1665,VSTR
1666,DSEXT
1667,D2A
1668,Q1AB
1669,D1Aa
1670,BPM
1671,D1Ab
1672,DSEXT
1673,S1A
1673,HSTR
1673,VSTR
1674,DSEXT
1675,D1A
1676,Q1AB
1677,D2A
1678,DSEXT
1679,S2A
1679,SQUAD
1679,HSTR
1679,VSTR
1680,DSEXT
1681,D3A
1682,Q2AB
1683,D4Aa
1684,BPM
1685,D4Ab
1686,BB
1687,D6B
1688,DSEXT
1689,S2B
1689,HSTR
1689,VSTR
1690,DSEXT
1691,D5B
1692,Q3B
1693,D4Ba
1694,BPM
1695,D4Bb
1696,Q2B
1697,D3B
1698,DSEXT
1699,S1B
1699,SQUAD
1699,HSTR
1699,VSTR
1700,DSEXT
1701,D2B
1702,Q1B
1703,KD1
1704,BPM
1705,DBPM
1706,DRIFT
1707,DRIFT
1708,DRIFT
1709,HCHICA
1710,DRIFT
1711,DRIFT
1712,DRIFT
1713,DRIFT
1714,HTRIM
1715,VTRIM
1716,DRIFT
1717,DRIFT
1718,MPW45
1719,source
1720,MPW45
1721,DRIFT
1722,DRIFT
1723,DRIFT
1724,HTRIM
1725,VTRIM
1726,DRIFT
1727,DRIFT
1728,DRIFT
1729,DRIFT
1730,HCHICA
1731,DRIFT
1732,DRIFT
1733,HTRIM
1734,VTRIM
1735,DRIFT
1736,source
1737,DRIFT
1738,HTRIM
1739,VTRIM
1740,Drift
1741,DRIFT
1742,DRIFT
1743,HCHICA
1744,DRIFT
1745,Drift
1746,DRIFT
1747,DBPM
1748,BPM
1749,D20_1
1750,D20_2
1751,Q1B
1752,D2B
1753,DSEXT
1754,S1C
1754,SQUAD
1754,HSTR
1754,VSTR
1755,DSEXT
1756,D3B
1757,Q2B
1758,D4B
1759,Q3B
1760,D5B
1761,DSEXT
1762,S2C
1762,HSTR
1762,VSTR
1763,DSEXT
1764,D6Ba
1765,BPM
1766,D6Bb
1767,BB
1768,D4A
1769,Q2AB
1770,D3Aa
1771,BPM
1772,D3Ab
1773,DSEXT
1774,S2A
1774,SQUAD
1774,HSTR
1774,VSTR
1775,DSEXT
1776,D2A
1777,Q1AB
1778,D1Aa
1779,BPM
1780,D1Ab
1781,DSEXT
1782,S1A
1782,HSTR
1782,VSTR
1783,DSEXT
1784,D1A
1785,Q1AD
1786,D2A
1787,DSEXT
1788,S2A
1788,SQUAD
1788,HSTR
1788,VSTR
1789,DSEXT
1790,D3A
1791,Q2AD
1792,D4Aa
1793,BPM
1794,D4Ab
1795,BB
1796,D6B
1797,DSEXT
1798,S2D
1798,HSTR
1798,VSTR
1799,DSEXT
1800,D5B
1801,Q3D
1802,D4Ba
1803,BPM
1804,D4Bb
1805,Q2D
1806,D3B
1807,DSEXT
1808,S1D
1808,SQUAD
1808,HSTR
1808,VSTR
1809,DSEXT
1810,D2B
1811,Q1D
1812,KD1
1813,BPM
1814,DBPM
1815,DRIFT
1816,HTRIM
1817,VTRIM
1818,DRIFT
1819,DRIFT
1820,source
1821,DRIFT
1822,DRIFT
1823,HTRIM
1824,VTRIM
1825,DRIFT
1826,DBPM
1827,BPM
1828,KD1
1829,Q1D
1830,D2B
1831,DSEXT
1832,S1D
1832,SQUAD
1832,HSTR
1832,VSTR
1833,DSEXT
1834,D3B
1835,Q2D
1836,D4B
1837,Q3D
1838,D5B
1839,DSEXT
1840,S2D
1840,HSTR
1840,VSTR
1841,DSEXT
1842,D6Ba
1843,BPM
1844,D6Bb
1845,BB
1846,D4A
1847,Q2AD
1848,D3Aa
1849,BPM
1850,D3Ab
1851,DSEXT
1852,S2A
1852,SQUAD
1852,HSTR
1852,VSTR
1853,DSEXT
1854,D2A
1855,Q1AD
1856,D1Aa
1857,BPM
1858,D1Ab
1859,DSEXT
1860,S1A
1860,HSTR
1860,VSTR
1861,DSEXT
1862,D1A
1863,Q1AB
1864,D2A
1865,DSEXT
1866,S2A
1866,SQUAD
1866,HSTR
1866,VSTR
1867,DSEXT
1868,D3A
1869,Q2AB
1870,D4Aa
1871,BPM
1872,D4Ab
1873,source
1874,BB
1875,D6B
1876,DSEXT
1877,S2C
1877,HSTR
1877,VSTR
1878,DSEXT
1879,D5B
1880,Q3B
1881,D4Ba
1882,BPM
1883,D4Bb
1884,Q2B
1885,D3B
1886,DSEXT
1887,S1C
1887,SQUAD
1887,HSTR
1887,VSTR
1888,DSEXT
1889,D2B
1890,Q1B
1891,KD1
1892,BPM
1893,DBPM
1894,DRIFT
1895,HTRIM
1896,VTRIM
1897,DRIFT
1898,DRIFT
1899,source
1900,DRIFT
1901,DRIFT
1902,HTRIM
1903,VTRIM
1904,DRIFT
1905,DBPM
1906,BPM
1907,KD1
1908,Q1B
1909,D2B
1910,DSEXT
1911,S1B
1911,SQUAD
1911,HSTR
1911,VSTR
1912,DSEXT
1913,D3B
1914,Q2B
1915,D4B
1916,Q3B
1917,D5B
1918,DSEXT
1919,S2B
1919,HSTR
1919,VSTR
1920,DSEXT
1921,D6Ba
1922,BPM
1923,D6Bb
1924,BB
1925,D4A
1926,Q2AB
1927,D3Aa
1928,BPM
1929,D3Ab
1930,DSEXT
1931,S2A
1931,SQUAD
1931,HSTR
1931,VSTR
1932,DSEXT
1933,D2A
1934,Q1AB
1935,D1Aa
1936,BPM
1937,D1Ab
1938,DSEXT
1939,S1A
1939,HSTR
1939,VSTR
1940,DSEXT
1941,D1A
1942,Q1AB
1943,D2A
1944,DSEXT
1945,S2A
1945,SQUAD
1945,HSTR
1945,VSTR
1946,DSEXT
1947,D3A
1948,Q2AB
1949,D4Aa
1950,BPM
1951,D4Ab
1952,source
1953,BB
1954,D6B
1955,DSEXT
1956,S2B
1956,HSTR
1956,VSTR
1957,DSEXT
1958,D5B
1959,Q3B
1960,D4Ba
1961,BPM
1962,D4Bb
1963,Q2B
1964,D3B
1965,DSEXT
1966,S1B
1966,SQUAD
1966,HSTR
1966,VSTR
1967,DSEXT
1968,D2B
1969,Q1B
1970,KD1
1971,BPM
1972,DBPM
1973,DRIFT
1974,HTRIM
1975,VTRIM
1976,DRIFT
1977,DRIFT
1978,source
1979,DRIFT
1980,DRIFT
1981,HTRIM
1982,VTRIM
1983,DRIFT
1984,DBPM
1985,BPM
1986,KD1
1987,Q1B
1988,D2B
1989,DSEXT
1990,S1B
1990,SQUAD
1990,HSTR
1990,VSTR
1991,DSEXT
1992,D3B
1993,Q2B
1994,D4B
1995,Q3B
1996,D5B
1997,DSEXT
1998,S2B
1998,HSTR
1998,VSTR
1999,DSEXT
2000,D6Ba
2001,BPM
2002,D6Bb
2003,BB
2004,D4A
2005,Q2AB
2006,D3Aa
2007,BPM
2008,D3Ab
2009,DSEXT
2010,S2A
2010,SQUAD
2010,HSTR
2010,VSTR
2011,DSEXT
2012,D2A
2013,Q1AB
2014,D1Aa
2015,BPM
2016,D1Ab
2017,DSEXT
2018,S1A
2018,HSTR
2018,VSTR
2019,DSEXT
2020,D1A
2021,Q1AB
2022,D2A
2023,DSEXT
2024,S2A
2024,SQUAD
2024,HSTR
2024,VSTR
2025,DSEXT
2026,D3A
2027,Q2AB
2028,D4Aa
2029,BPM
2030,D4Ab
2031,source
2032,BB
2033,D6B
2034,DSEXT
2035,S2B
2035,HSTR
2035,VSTR
2036,DSEXT
2037,D5B
2038,Q3B
2039,D4Ba
2040,BPM
2041,D4Bb
2042,Q2B
2043,D3B
2044,DSEXT
2045,S1B
2045,SQUAD
2045,HSTR
2045,VSTR
2046,DSEXT
2047,D2B
2048,Q1B
2049,KD1
2050,BPM
2051,DBPM
2052,DRIFT
2053,HTRIM
2054,VTRIM
2055,DRIFT
2056,DRIFT
2057,source
2058,DRIFT
2059,DRIFT
2060,HTRIM
2061,VTRIM
2062,DRIFT
2063,DBPM
2064,BPM
2065,KD1
2066,Q1B
2067,D2B
2068,DSEXT
2069,S1C
2069,SQUAD
2069,HSTR
2069,VSTR
2070,DSEXT
2071,D3B
2072,Q2B
2073,D4B
2074,Q3B
2075,D5B
2076,DSEXT
2077,S2C
2077,HSTR
2077,VSTR
2078,DSEXT
2079,D6Ba
2080,BPM
2081,D6Bb
2082,BB
2083,D4A
2084,Q2AB
2085,D3Aa
2086,BPM
2087,D3Ab
2088,DSEXT
2089,S2A
2089,SQUAD
2089,HSTR
2089,VSTR
2090,DSEXT
2091,D2A
2092,Q1AB
2093,D1Aa
2094,BPM
2095,D1Ab
2096,DSEXT
2097,S1A
2097,HSTR
2097,VSTR
2098,DSEXT
2099,D1A
2100,Q1AD
2101,D2A
2102,DSEXT
2103,S2A
2103,SQUAD
2103,HSTR
2103,VSTR
2104,DSEXT
2105,D3A
2106,Q2AD
2107,D4Aa
2108,BPM
2109,D4Ab
2110,source
2111,BB
2112,D6B
2113,DSEXT
2114,S2D
2114,HSTR
2114,VSTR
2115,DSEXT
2116,D5B
2117,Q3D
2118,D4Ba
2119,BPM
2120,D4Bb
2121,Q2D
2122,D3B
2123,DSEXT
2124,S1D
2124,SQUAD
2124,HSTR
2124,VSTR
2125,DSEXT
2126,D2B
2127,Q1D
2128,KD1
2129,BPM
2130,D1D2
2131,DCCT
